﻿<?xml version="1.0" encoding="utf-8"?><meta xmlns:xsi="http://www.w3.org/2001/XMLSchema-instance" xmlns:xsd="http://www.w3.org/2001/XMLSchema"><project id="6ah9USNRNHK" courseid="6lyAOBn112g_course_id" thumburl="story_content/thumbnail.jpg" title="ict as 3" datepublished="2024-05-29T06:17:22" version="1.0.0.0" flashdata="story_content/data.swf" html5data="mobile/data.json" mobiledata="mobile/data.gz" enabledownload="false" duration="About 2 minutes" totalaudio="0" totalvideo="0"><description>media pembelajaran_kelompok 6</description><keywords /><slidemeta moniker="slide" monikerplural="slides" viewslides="25" slidecountdescription="25 slides" /><author name="MyPC" email="" website="" /><application name="Articulate Storyline" version="3.17.27621.0" xmlversion="4.0" /></project></meta>